{
  "cities": {
    "Buffalo": [
      42.88690039999999,
      -78.8788896
    ],
    "Rochester": [
      43.15657789999999,
      -77.6088465
    ],
    "Syracuse": [
      43.0494832,
      -76.14739770000001
    ],
    "Albany": [
      42.6518095,
      -73.75447070000001
    ],
    "New York City": [
      40.7127753,
      -74.0059728
    ],
    "Yonkers": [
      40.93185889999999,
      -73.899008
    ],
    "Niagara Falls": [
      43.0962143,
      -79.0377388
    ],
    "Utica": [
      43.10109490000001,
      -75.23558059999999
    ],
    "Schenectady": [
      42.8143509,
      -73.93874199999999
    ],
    "Glens Falls": [
      43.3095164,
      -73.6440058
    ],
    "Plattsburgh": [
      44.6994873,
      -73.4529124
    ],
    "Watertown": [
      43.9725849,
      -75.90974299999999
    ],
    "Oswego": [
      43.45531330000001,
      -76.51155109999999
    ],
    "Ithaca": [
      42.4439614,
      -76.5018807
    ],
    "Binghamton": [
      42.09712040000001,
      -75.9116546
    ],
    "Elmira": [
      42.0912025,
      -76.80461939999999
    ],
    "Corning": [
      42.1428521,
      -77.05469029999999
    ],
    "Olean": [
      42.083639,
      -78.42992699999999
    ],
    "Batavia": [
      42.9981156,
      -78.1875167
    ],
    "Kingston": [
      41.9270367,
      -73.9973608
    ],
    "New Rochelle": [
      40.9200244,
      -73.78627139999999
    ]
  },
  "graph": {
    "Buffalo": {
      "Rochester": 76.5493929188363,
      "Syracuse": 151.88835174667878,
      "Albany": 291.3250152236321,
      "New York City": 372.70744528813054,
      "Yonkers": 377.359041594691,
      "Niagara Falls": 23.276622714901762,
      "Utica": 201.05322678862143,
      "Schenectady": 274.06887295413026,
      "Glens Falls": 305.27296904321025
    },
    "Rochester": {
      "Buffalo": 77.32548746691191,
      "Syracuse": 86.44537512272112,
      "Albany": 225.88203859967442,
      "New York City": 333.0259609529372,
      "Yonkers": 337.6775572594977,
      "Niagara Falls": 88.81777623125008,
      "Utica": 135.6102501646638,
      "Schenectady": 208.62589633017262,
      "Glens Falls": 239.82999241925262
    },
    "Syracuse": {
      "Buffalo": 153.73320740179204,
      "Rochester": 87.4582126834603,
      "Albany": 145.553456696534,
      "New York City": 246.67938409534344,
      "Yonkers": 251.3309804019039,
      "Niagara Falls": 165.22549616613023,
      "Utica": 55.28166826152336,
      "Schenectady": 128.2973144270322,
      "Glens Falls": 159.5014105161122
    },
    "Albany": {
      "Buffalo": 292.16946077273917,
      "Rochester": 225.89446605440742,
      "Syracuse": 145.07313557110368,
      "New York City": 150.59713919992046,
      "Yonkers": 143.92980973566804,
      "Niagara Falls": 303.6617495370773,
      "Utica": 95.0346104614314,
      "Schenectady": 19.024569078007133,
      "Glens Falls": 52.277952452558196
    },
    "New York City": {
      "Buffalo": 373.8569848509327,
      "Rochester": 332.8699963960381,
      "Syracuse": 246.8856798439112,
      "Albany": 151.52360595026533,
      "Yonkers": 20.886201797009956,
      "Niagara Falls": 410.63727987870806,
      "Utica": 241.77613183043982,
      "Schenectady": 165.76609044701556,
      "Glens Falls": 203.17086507512397
    },
    "Yonkers": {
      "Buffalo": 378.61048628630374,
      "Rochester": 337.62349783140917,
      "Syracuse": 251.6391812792822,
      "Albany": 143.66013396796203,
      "New York City": 17.42826251755378,
      "Niagara Falls": 415.39015994134246,
      "Utica": 233.91203847539987,
      "Schenectady": 157.90261846471225,
      "Glens Falls": 195.30677172008401
    },
    "Niagara Falls": {
      "Buffalo": 23.322604297413847,
      "Rochester": 88.93583705121354,
      "Syracuse": 164.27541725179267,
      "Albany": 303.71208072874595,
      "New York City": 410.8560030820088,
      "Yonkers": 415.5069780158326,
      "Utica": 213.43967092099868,
      "Schenectady": 286.45531708650753,
      "Glens Falls": 317.65941317558753
    },
    "Utica": {
      "Buffalo": 201.7640771993488,
      "Rochester": 135.48846110828043,
      "Syracuse": 54.6671306249767,
      "Albany": 94.864975704326,
      "New York City": 240.32149825394262,
      "Yonkers": 233.65479016242685,
      "Niagara Falls": 213.25574459095034,
      "Schenectady": 77.60821206208757,
      "Glens Falls": 108.81230815116757
    },
    "Schenectady": {
      "Buffalo": 274.95308635838296,
      "Rochester": 208.6780916400512,
      "Syracuse": 127.8567611567475,
      "Albany": 20.23438179626431,
      "New York City": 165.69090434588094,
      "Yonkers": 159.02419625436517,
      "Niagara Falls": 286.44537512272115,
      "Utica": 77.81885741981185,
      "Glens Falls": 41.8022294853791
    },
    "Glens Falls": {
      "Buffalo": 305.49479911019426,
      "Rochester": 239.2198043918625,
      "Syracuse": 158.3984739085588,
      "Albany": 52.59050293909305,
      "New York City": 201.74108640809277,
      "Yonkers": 195.074378316577,
      "Niagara Falls": 316.98708787453245,
      "Utica": 108.3599487988865,
      "Schenectady": 41.833298122211595
    },
    "Plattsburgh": {
      "Watertown": 248.1135123715312,
      "Oswego": 214.7700299501659,
      "Ithaca": 285.8327016043844,
      "Binghamton": 289.42982837685014,
      "Elmira": 343.4494886102378,
      "Corning": 360.75347658046155,
      "Olean": 400.2603551766563,
      "Batavia": 897.4989747349846,
      "Kingston": 190.2003305702959
    },
    "Watertown": {
      "Plattsburgh": 248.70070960766526,
      "Oswego": 333.2440627835013,
      "Ithaca": 324.88162849366825,
      "Binghamton": 299.3562578448308,
      "Elmira": 353.37591807821843,
      "Corning": 370.67990604844226,
      "Olean": 464.9781898169436,
      "Batavia": 1015.2640212758025,
      "Kingston": 424.9350665490201
    },
    "Oswego": {
      "Plattsburgh": 214.55627772875837,
      "Watertown": 334.3463780183181,
      "Ithaca": 76.25424086892764,
      "Binghamton": 114.13436564057317,
      "Elmira": 111.11511551319175,
      "Corning": 106.68472790087863,
      "Olean": 172.74224216138293,
      "Batavia": 715.0055302173562,
      "Kingston": 117.8327761691128
    },
    "Ithaca": {
      "Plattsburgh": 284.9770713460176,
      "Watertown": 325.258180372078,
      "Oswego": 76.24802714156114,
      "Binghamton": 50.60148880907702,
      "Elmira": 33.37641517640772,
      "Corning": 42.2862788472293,
      "Olean": 136.58518398846732,
      "Batavia": 712.2888886127232,
      "Kingston": 188.11748915704575
    },
    "Binghamton": {
      "Plattsburgh": 288.62017970099544,
      "Watertown": 299.0872034498615,
      "Oswego": 114.80047721426175,
      "Ithaca": 50.290181068015464,
      "Elmira": 58.95273838965042,
      "Corning": 76.25610498713759,
      "Olean": 170.5550101283756,
      "Batavia": 746.2587147526316,
      "Kingston": 206.28704934942274
    },
    "Elmira": {
      "Plattsburgh": 342.76846409086954,
      "Watertown": 353.2354878397356,
      "Oswego": 111.42020952688681,
      "Ithaca": 33.745510581977705,
      "Binghamton": 57.103533125380594,
      "Corning": 15.905899312761754,
      "Olean": 113.96845911988765,
      "Batavia": 689.6721637441436,
      "Kingston": 221.36155194054706
    },
    "Corning": {
      "Plattsburgh": 361.4612201275057,
      "Watertown": 371.9282438763717,
      "Oswego": 106.64496004573304,
      "Ithaca": 44.21067021263375,
      "Binghamton": 75.79628916201673,
      "Elmira": 20.55314601016566,
      "Olean": 93.4165558551953,
      "Batavia": 669.1202604794512,
      "Kingston": 235.94703418792798
    },
    "Olean": {
      "Plattsburgh": 390.7471385785477,
      "Watertown": 464.64264853915273,
      "Oswego": 172.55645171312463,
      "Ithaca": 136.9256962481514,
      "Binghamton": 168.51069382479776,
      "Elmira": 113.26817204568333,
      "Corning": 94.61207700050953,
      "Batavia": 577.0812879814085,
      "Kingston": 292.1638684181093
    },